{
  "learning_rate": 0.14926104211485478,
  "num_leaves": 57,
  "min_data_in_leaf": 35,
  "feature_fraction": 0.8560546008868972,
  "bagging_fraction": 0.6132219569444807,
  "bagging_freq": 5,
  "lambda_l1": 6.327089583655403e-08,
  "lambda_l2": 0.14459064067631028,
  "seed": 42,
  "feature_fraction_seed": 42,
  "bagging_seed": 42,
  "drop_seed": 42
}